<colors>
			<!-- Backgrounds -->
	<color name="solid-background">FFFFFFFF</color>	
	<color name="osd-background">A0FFFFFF</color>
	<color name="fanart-background">A0999999</color>
	<color name="musicvis-background">D1FFFFFF</color>
	
			<!-- Text -->
	<color name="info-text">FF0066CC</color>
	<color name="disabled-text">FF7E7E7E</color>	
	<color name="button-text">FF000000</color>
	<color name="shadow-text">00FFFFFF</color>	
	<color name="shutdown-text">77000000</color>
	<color name="warning-text">FFAA0000</color>
	<color name="focus-text">FF0066CC</color>	
	<color name="rss-headline-text">FF000000</color>
	<color name="rss-title-text">FF0066CC</color>
	<color name="listselectedtext">FF0066CC</color>
	<color name="kai-text-alpha">55000000</color>
	<color name="kai-text">FFFF0000</color>
	<color name="listselectedcolor">FF0066CC</color>
	
			<!-- Media Flags -->
	<color name="FlagDiffuse">EE7E7E7E</color>
	<color name="StarDiffuse">D0F6E802</color>	
	<color name="InfoRating">FF7E7E7E</color>
	
			<!-- Icon/Thumb -->
	<color name="UnFocusedPosters">A0A0A0A0</color>
	<color name="UnFocusedCovers">A0A0A0A0</color>
	
			<!-- GUI elements -->
	<color name="ScrollBarColor">FF00BBFF</color>
	<color name="ProgressBarColor">FF00BBFF</color>
		
</colors>